Duration (hh:mm:ss.ms),Song,Valence,Arousal,Quadrant Color
0:00:02.070000,Audio File 3.mp3,-0.022224451913911647,0.2475292228967041,Yellow
0:00:08.571000,Audio File 3.mp3,-0.22490342647870376,0.29569056338734767,Yellow
0:00:36.990000,Audio File 3.mp3,-0.2570109868057995,0.4421813073797223,Yellow
0:00:50.255000,Audio File 3.mp3,-0.2951387146942257,0.5846586063312098,Yellow
0:01:06.125000,Audio File 3.mp3,-0.3493202227461998,0.41007374705262656,Yellow
0:01:20.227000,Audio File 3.mp3,-0.4115286208799479,0.5706115486881052,Yellow
0:01:48.830000,Audio File 3.mp3,-0.4596899613705915,0.7371695178849147,Yellow
0:02:03.388000,Audio File 3.mp3,-0.6503286008127226,0.7492098530075757,Yellow
0:02:28.774000,Audio File 3.mp3,-0.7847790096824362,0.8214518637435413,Yellow
