Duration (hh:mm:ss.ms),Song,Valence,Arousal,Quadrant Color
0:00:08.637000,Audio File 3.mp3,-0.09332798675428156,0.19925492833859382,Yellow
0:00:36.053000,Audio File 3.mp3,-0.20457132508925335,0.34930408237181165,Yellow
0:00:39.900000,Audio File 3.mp3,-0.3546204791224712,0.37000051741087603,Yellow
0:00:54.035000,Audio File 3.mp3,-0.5221322502198998,0.4734826926061988,Yellow
0:01:19.683000,Audio File 3.mp3,-0.5738733378175611,0.5821389765612874,Yellow
0:01:47.717000,Audio File 3.mp3,-0.5583510115382627,0.6907952605163763,Yellow
0:02:02.634000,Audio File 3.mp3,-0.5402416308790813,0.7942774357116988,Yellow
0:02:18.499000,Audio File 3.mp3,-0.4445206188234079,0.8253220882702954,Yellow
