Duration (hh:mm:ss.ms),Song,Valence,Arousal,Quadrant Color
0:00:02.084000,Audio File 3.mp3,-0.026504108136761406,0.3601908295785845,Yellow
0:00:52.504000,Audio File 3.mp3,-0.047707394646170354,0.6278823217598726,Yellow
0:01:07.989000,Audio File 3.mp3,-0.08481314603763579,0.29393055923668143,Yellow
0:01:08.654000,Audio File 3.mp3,-0.286244367877021,0.26742645109992025,Yellow
0:01:21.054000,Audio File 3.mp3,-0.33395176252319114,0.42115027829313534,Yellow
0:02:23.013000,Audio File 3.mp3,-0.4585210707659686,0.5854757487410547,Yellow
