Duration (hh:mm:ss.ms),Song,Valence,Arousal,Quadrant Color
0:00:01.721000,Audio File 3.mp3,-0.03571428571428559,0.26948051948051965,Yellow
0:00:08.736000,Audio File 3.mp3,-0.03571428571428559,0.37662337662337686,Yellow
0:00:17.878000,Audio File 3.mp3,-0.12337662337662336,0.5259740259740262,Yellow
0:00:39.306000,Audio File 3.mp3,-0.1331168831168832,0.6623376623376627,Yellow
0:01:25.634000,Audio File 3.mp3,-0.275974025974026,0.7272727272727275,Yellow
0:01:25.741000,Audio File 3.mp3,-0.275974025974026,0.7272727272727275,Yellow
0:01:49.200000,Audio File 3.mp3,-0.3344155844155844,0.8441558441558445,Yellow
0:02:15.979000,Audio File 3.mp3,-0.6525974025974026,0.8961038961038965,Yellow
0:02:16.824000,Audio File 3.mp3,-0.75,0.9642857142857144,Yellow
