Duration (hh:mm:ss.ms),Song,Valence,Arousal,Quadrant Color
0:00:01.720000,Audio File 3.mp3,-0.07818906497320577,0.28188111448023356,Yellow
0:00:08.038000,Audio File 3.mp3,-0.06674676278200486,0.44207334515704555,Yellow
0:00:08.238000,Audio File 3.mp3,-0.06674676278200486,0.44207334515704555,Yellow
0:00:42.969000,Audio File 3.mp3,-0.11823712264240882,0.6423136335030608,Yellow
0:01:08.934000,Audio File 3.mp3,-0.27270820222362047,0.5946373743730573,Yellow
0:01:41.324000,Audio File 3.mp3,-0.3184774109884241,0.7281308999370673,Yellow
0:01:41.512000,Audio File 3.mp3,-0.3184774109884241,0.7281308999370673,Yellow
0:02:27.934000,Audio File 3.mp3,-0.3451761161012261,0.8368327707534755,Yellow
