Duration (hh:mm:ss.ms),Song,Valence,Arousal,Quadrant Color
0:00:01.650000,Audio File 3.mp3,-0.1240332701006861,0.19782090568607447,Yellow
0:00:10.717000,Audio File 3.mp3,-0.12646529500462123,0.5139841431976264,Yellow
0:01:10.517000,Audio File 3.mp3,-0.27968286395252706,0.6088331144510921,Yellow
0:01:41.603000,Audio File 3.mp3,-0.41830828347682303,0.6550415876258575,Yellow
0:02:06.140000,Audio File 3.mp3,-0.43776448270830315,0.7936670071501535,Yellow
0:02:06.282000,Audio File 3.mp3,-0.43776448270830315,0.7936670071501535,Yellow
