Duration (hh:mm:ss.ms),Song,Valence,Arousal,Quadrant Color
0:00:01.510000,Audio File 3.mp3,-0.09090909090909083,0.2759740259740262,Yellow
0:00:24.351000,Audio File 3.mp3,-0.1428571428571428,0.4318181818181821,Yellow
0:00:41.743000,Audio File 3.mp3,-0.13961038961038952,0.535714285714286,Yellow
0:00:43.002000,Audio File 3.mp3,-0.1655844155844155,0.6590909090909094,Yellow
0:00:50.364000,Audio File 3.mp3,-0.1558441558441559,0.7597402597402598,Yellow
0:00:50.477000,Audio File 3.mp3,-0.1558441558441559,0.7597402597402598,Yellow
0:01:26.581000,Audio File 3.mp3,-0.20454545454545459,0.785714285714286,Yellow
0:01:45.302000,Audio File 3.mp3,-0.2727272727272727,0.837662337662338,Yellow
0:02:25.146000,Audio File 3.mp3,-0.31493506493506485,0.6753246753246755,Yellow
