Duration (hh:mm:ss.ms),Song,Valence,Arousal,Quadrant Color
0:00:01.632000,Audio File 3.mp3,-0.06651441621467313,0.24911980207441276,Yellow
0:00:05.918000,Audio File 3.mp3,-0.0817394614140261,0.5707488819107436,Yellow
0:00:12.339000,Audio File 3.mp3,-0.2568274812065847,0.7115805500047583,Yellow
0:01:54.452000,Audio File 3.mp3,-0.4109810638500333,0.7534494243029788,Yellow
0:01:56.248000,Audio File 3.mp3,-0.5346845560947758,0.7648682082024933,Yellow
