Duration (hh:mm:ss.ms),Song,Valence,Arousal,Quadrant Color
0:00:09.157000,Audio File 13.mp3,0.3794843770091294,0.09656679953709668,Green
0:00:10.417000,Audio File 13.mp3,0.5273563070592773,0.20372037203720383,Green
0:00:47.204000,Audio File 13.mp3,0.583076164759333,0.30444473018730456,Green
0:01:24.655000,Audio File 13.mp3,0.613079165059363,0.49732116068749743,Green
0:01:42.383000,Audio File 13.mp3,0.6259375937593759,0.6344777334876346,Green
0:02:10.156000,Audio File 13.mp3,0.6473683082593973,0.8037803780378039,Green
0:02:36.242000,Audio File 13.mp3,0.6537975226094037,0.9302215935879303,Green
0:02:36.377000,Audio File 13.mp3,0.6537975226094037,0.9302215935879303,Green
