Duration (hh:mm:ss.ms),Song,Valence,Arousal,Quadrant Color
0:00:02.370000,Audio File 13.mp3,0.6302237366593801,0.08156529938708168,Green
0:00:35.022000,Audio File 13.mp3,0.6002207363593501,0.3451630877373453,Green
0:00:56.105000,Audio File 13.mp3,0.5959345934593459,0.46303201748746314,Green
0:01:11.960000,Audio File 13.mp3,0.6302237366593801,0.5830440186875832,Green
0:01:44.126000,Audio File 13.mp3,0.4502057348592001,0.775920449187776,Green
0:01:45.239000,Audio File 13.mp3,0.35162444815910154,0.8616433071878618,Green
0:02:32.942000,Audio File 13.mp3,0.2937615190090437,0.8830740216878832,Green
