Duration (hh:mm:ss.ms),Song,Valence,Arousal,Quadrant Color
0:00:05.681000,Audio File 13.mp3,0.589182841887633,0.14145205644432846,Green
0:00:41.682000,Audio File 13.mp3,0.5952046407996949,0.36225134988658936,Green
0:00:45.666000,Audio File 13.mp3,0.6353499668801059,0.5228326542082338,Green
0:01:26.967000,Audio File 13.mp3,0.6995824886087636,0.7034866215700835,Green
0:02:33.605000,Audio File 13.mp3,0.7116260864328869,0.831951665027399,Green
