Duration (hh:mm:ss.ms),Song,Valence,Arousal,Quadrant Color
0:00:03.668000,Audio File 13.mp3,0.5897495361781071,0.14053803339517623,Green
0:01:02.401000,Audio File 13.mp3,0.6036641929499069,0.32374768089053796,Green
0:01:24.720000,Audio File 13.mp3,0.6059833024118735,0.5371057513914654,Green
0:01:26.501000,Audio File 13.mp3,0.6639610389610384,0.704081632653061,Green
0:01:42.122000,Audio File 13.mp3,0.6848330241187379,0.8432282003710574,Green
0:01:43.985000,Audio File 13.mp3,0.7126623376623371,0.9174397031539887,Green
0:02:10.085000,Audio File 13.mp3,0.6987476808905377,0.7597402597402594,Green
0:02:17.200000,Audio File 13.mp3,0.8007884972170682,0.8385899814471243,Green
0:02:26.117000,Audio File 13.mp3,0.8494897959183669,0.9197588126159553,Green
