Duration (hh:mm:ss.ms),Song,Valence,Arousal,Quadrant Color
0:00:07.168000,Audio File 13.mp3,0.765153677799981,0.21486345037586863,Green
0:00:19.854000,Audio File 13.mp3,0.7404129793510326,0.4546579122656773,Green
0:00:36.359000,Audio File 13.mp3,0.7727662003996574,0.6354553240079934,Green
0:00:49.004000,Audio File 13.mp3,0.36739937196688555,0.738224379103626,Green
0:01:29.940000,Audio File 13.mp3,0.571034351508231,0.7496431630031406,Green
0:01:49.968000,Audio File 13.mp3,0.6547721001046722,0.7877057760015229,Green
0:02:09.158000,Audio File 13.mp3,0.7746693310495767,0.8067370825007139,Green
0:02:24.539000,Audio File 13.mp3,0.8526976876962602,0.8752497858978021,Green
0:02:37.737000,Audio File 13.mp3,0.9174041297935103,0.8923779617470742,Green
