Duration (hh:mm:ss.ms),Song,Valence,Arousal,Quadrant Color
0:00:03.365000,Audio File 13.mp3,0.5072605965463104,0.10218353075495967,Green
0:01:00.252000,Audio File 13.mp3,0.3609783074068784,0.3947481090338236,Green
0:01:43.068000,Audio File 13.mp3,0.373465819894391,0.6141715427429717,Green
0:01:44.948000,Audio File 13.mp3,0.3181639788782642,0.7622377622377625,Green
0:02:14.001000,Audio File 13.mp3,0.3984408448694159,0.8086199514770946,Green
