Duration (hh:mm:ss.ms),Song,Valence,Arousal,Quadrant Color
0:00:02.583000,Audio File 17.mp3,-0.0019070503651998916,-0.19678852718500295,Red
0:00:03.434000,Audio File 17.mp3,-0.082003165703606,0.037778667734615023,Yellow
0:00:13.267000,Audio File 17.mp3,-0.20024028834601504,0.3657913305490399,Yellow
0:00:51.999000,Audio File 17.mp3,-0.21549669126761617,0.5507752159734538,Yellow
0:01:11.734000,Audio File 17.mp3,-0.20977554017201583,0.6957110437286649,Yellow
0:02:30.990000,Audio File 17.mp3,-0.14302877739001074,0.6289642809466598,Yellow
0:03:10.250000,Audio File 17.mp3,-0.23647424528481786,0.6899898926330645,Yellow
0:03:11.349000,Audio File 17.mp3,-0.2193107919980164,0.7948776627190726,Yellow
0:03:41.585000,Audio File 17.mp3,-0.12586532410320928,0.6308713313118599,Yellow
