Duration (hh:mm:ss.ms),Song,Valence,Arousal,Quadrant Color
0:00:03.890000,Audio File 17.mp3,-0.04270069864129278,-0.30847370451330836,Red
0:00:04.009000,Audio File 17.mp3,-0.04270069864129278,-0.30847370451330836,Red
0:00:58.503000,Audio File 17.mp3,-0.00198234109125206,0.03870387038703882,Yellow
0:00:59.800000,Audio File 17.mp3,-0.04912991299129921,0.34944923063734956,Yellow
0:01:28.506000,Audio File 17.mp3,-0.0834190561913335,0.520894946637521,Yellow
0:01:36.964000,Audio File 17.mp3,-0.10484977069135493,0.6794822339376796,Yellow
0:03:35.349000,Audio File 17.mp3,-0.14985427114139993,0.47803351763747814,Yellow
0:03:35.780000,Audio File 17.mp3,-0.14985427114139993,0.35373537353735385,Yellow
0:03:36.612000,Audio File 17.mp3,-0.1777141999914278,0.2465818010372467,Yellow
