Duration (hh:mm:ss.ms),Song,Valence,Arousal,Quadrant Color
0:00:04.024000,Audio File 17.mp3,-0.007675147981270891,-0.05327325735488997,Red
0:00:04.678000,Audio File 17.mp3,-0.0297619047619051,0.17642901316370696,Yellow
0:00:31.705000,Audio File 17.mp3,-0.1048568778160619,0.49889566216096815,Yellow
0:00:31.875000,Audio File 17.mp3,-0.1048568778160619,0.49889566216096815,Yellow
0:00:52.579000,Audio File 17.mp3,-0.09602217510380817,0.6225815001325203,Yellow
0:01:35.621000,Audio File 17.mp3,-0.2020386076508529,0.47680890538033394,Yellow
0:01:36.212000,Audio File 17.mp3,-0.33014179697853185,0.43705274317519205,Yellow
