Duration (hh:mm:ss.ms),Song,Valence,Arousal,Quadrant Color
0:00:04.569000,Audio File 17.mp3,-0.047431310186412556,0.17642901316370696,Yellow
0:01:33.050000,Audio File 17.mp3,-0.17553449951409172,0.43705274317519205,Yellow
0:01:40.023000,Audio File 17.mp3,-0.21087331036310664,0.6579203109815353,Yellow
0:02:39.770000,Audio File 17.mp3,-0.263881526636629,0.7551020408163263,Yellow
