Duration (hh:mm:ss.ms),Song,Valence,Arousal,Quadrant Color
0:00:03.679000,Audio File 17.mp3,-0.06493506493506485,-0.11688311688311659,Red
0:00:03.866000,Audio File 17.mp3,-0.06493506493506485,-0.11688311688311659,Red
0:00:07.368000,Audio File 17.mp3,-0.045454545454545414,0.1590909090909094,Yellow
0:00:19.068000,Audio File 17.mp3,-0.10064935064935066,0.42532467532467555,Yellow
0:00:31.410000,Audio File 17.mp3,-0.07792207792207795,0.5324675324675328,Yellow
0:00:49.141000,Audio File 17.mp3,-0.09740259740259738,0.616883116883117,Yellow
0:01:03.412000,Audio File 17.mp3,-0.09740259740259738,0.7564935064935066,Yellow
0:02:06.086000,Audio File 17.mp3,-0.06818181818181812,0.8506493506493511,Yellow
