Duration (hh:mm:ss.ms),Song,Valence,Arousal,Quadrant Color
0:00:04.347000,Audio File 17.mp3,0.13671274961597524,-0.1595128373930219,Blue
0:00:13.028000,Audio File 17.mp3,0.03576914636822459,0.14551239850778996,Green
0:01:33.802000,Audio File 17.mp3,0.00285275400482754,0.41323238973008536,Green
0:02:08.993000,Audio File 17.mp3,-0.00592495062541154,0.5843976300197495,Yellow
0:02:19.193000,Audio File 17.mp3,-0.05200789993416732,0.6831468071099407,Yellow
