Duration (hh:mm:ss.ms),Song,Valence,Arousal,Quadrant Color
0:00:03.686000,Audio File 17.mp3,-0.12252628324056936,-0.04002120328650949,Red
0:00:05.390000,Audio File 17.mp3,-0.13136098595282308,0.2338545807933563,Yellow
0:00:21.235000,Audio File 17.mp3,-0.1269436345966961,0.4458874458874458,Yellow
0:00:21.338000,Audio File 17.mp3,-0.1269436345966961,0.4458874458874458,Yellow
0:01:26.791000,Audio File 17.mp3,-0.10043952645993492,0.6093294460641399,Yellow
0:01:47.305000,Audio File 17.mp3,-0.17553449951409172,0.6976764731866771,Yellow
0:01:47.404000,Audio File 17.mp3,-0.17553449951409172,0.6976764731866771,Yellow
0:02:41.671000,Audio File 17.mp3,-0.1887865535824722,0.8036929057337221,Yellow
0:02:41.824000,Audio File 17.mp3,-0.1887865535824722,0.8036929057337221,Yellow
