Duration (hh:mm:ss.ms),Song,Valence,Arousal,Quadrant Color
0:00:03.974000,Audio File 7.mp3,0.300551042582915,-0.7165623221400113,Blue
0:00:47.452000,Audio File 7.mp3,0.07806436591297117,-0.2301960987219951,Blue
0:00:48.168000,Audio File 7.mp3,-0.17805401769545215,-0.13447508666632157,Red
0:01:01.419000,Audio File 7.mp3,-0.11337765819837564,0.1449267863610495,Yellow
0:02:26.022000,Audio File 7.mp3,-0.23755626843276278,0.3001500491540334,Yellow
0:02:27.018000,Audio File 7.mp3,-0.22979510529311353,0.43467687690795276,Yellow
0:02:49.588000,Audio File 7.mp3,-0.3125808454493715,0.564029595902106,Yellow
0:04:07.743000,Audio File 7.mp3,-0.3824313137062143,0.6571635535778964,Yellow
0:04:08.516000,Audio File 7.mp3,-0.30999379106948854,0.727014021834739,Yellow
