Duration (hh:mm:ss.ms),Song,Valence,Arousal,Quadrant Color
0:00:02.082000,Audio File 7.mp3,0.30087976539589456,-0.8196363636363636,Blue
0:00:45.917000,Audio File 7.mp3,0.31026392961876836,-0.4794604105571847,Blue
0:00:48.178000,Audio File 7.mp3,0.29149560117302054,-0.13928445747800566,Blue
0:00:51.049000,Audio File 7.mp3,0.28211143695014673,0.0929736070381233,Green
0:01:21.626000,Audio File 7.mp3,-0.0627565982404692,0.13989442815249298,Yellow
0:02:34.866000,Audio File 7.mp3,-0.1378299120234603,0.45191788856305015,Yellow
0:03:36.649000,Audio File 7.mp3,-0.20351906158357758,0.34634604105571887,Yellow
0:03:51.500000,Audio File 7.mp3,-0.14017595307917885,0.5739120234604109,Yellow
0:04:22.800000,Audio File 7.mp3,-0.13548387096774195,0.7264046920821117,Yellow
