Duration (hh:mm:ss.ms),Song,Valence,Arousal,Quadrant Color
0:00:02.067000,Audio File 7.mp3,0.18029507376844212,-0.8455363840960239,Blue
0:00:46.034000,Audio File 7.mp3,-0.0022505626406601476,-0.500450112528132,Red
0:00:47.531000,Audio File 7.mp3,-0.07226806701675415,-0.19287321830457604,Red
0:01:19.834000,Audio File 7.mp3,-0.11477869467366841,0.15471367841960504,Yellow
0:01:21.065000,Audio File 7.mp3,-0.09727431857964497,0.49729932483120787,Yellow
