Duration (hh:mm:ss.ms),Song,Valence,Arousal,Quadrant Color
0:00:01.466000,Audio File 7.mp3,0.24028834601521853,-0.7078780250586417,Blue
0:00:46.316000,Audio File 7.mp3,-0.07056086351240509,-0.18153212426340182,Red
0:00:46.931000,Audio File 7.mp3,-0.09153841752960679,0.10643248088182022,Yellow
0:00:47.499000,Audio File 7.mp3,-0.09153841752960679,0.3657913305490399,Yellow
0:01:41.049000,Audio File 7.mp3,-0.11060892118160814,0.5317047123214524,Yellow
0:02:42.858000,Audio File 7.mp3,-0.18689093578961402,0.6270572305814597,Yellow
0:04:01.901000,Audio File 7.mp3,-0.1945191372504147,0.7376661517630683,Yellow
