Duration (hh:mm:ss.ms),Song,Valence,Arousal,Quadrant Color
0:00:01.791000,Audio File 7.mp3,0.5019519211012942,-0.6749743168276146,Blue
0:00:58.621000,Audio File 7.mp3,-0.10211629340456141,-0.1777480994452436,Red
0:00:59.393000,Audio File 7.mp3,-0.09800698582288891,0.044154509965070865,Yellow
0:01:32.853000,Audio File 7.mp3,-0.13499075405794136,0.2660571193753851,Yellow
0:02:06.439000,Audio File 7.mp3,-0.17197452229299381,0.4181014998972672,Yellow
0:02:59.133000,Audio File 7.mp3,-0.22950482843640851,0.5495993425107868,Yellow
0:02:59.248000,Audio File 7.mp3,-0.22950482843640851,0.5495993425107868,Yellow
0:04:29.370000,Audio File 7.mp3,-0.26237928908978847,0.7550647215944113,Yellow
0:04:29.499000,Audio File 7.mp3,-0.26237928908978847,0.7550647215944113,Yellow
