Duration (hh:mm:ss.ms),Song,Valence,Arousal,Quadrant Color
0:00:01.656000,Audio File 7.mp3,0.2451612903225806,-0.829758064516129,Blue
0:00:46.127000,Audio File 7.mp3,-0.03548387096774186,-0.26524193548387087,Red
0:00:47.820000,Audio File 7.mp3,-0.07741935483870965,-0.01685483870967741,Red
0:01:20.528000,Audio File 7.mp3,-0.2677419354838708,0.09927419354838718,Yellow
0:02:23.389000,Audio File 7.mp3,-0.3935483870967741,0.22508064516129034,Yellow
0:02:51.527000,Audio File 7.mp3,-0.48064516129032253,0.3702419354838711,Yellow
0:02:51.655000,Audio File 7.mp3,-0.48064516129032253,0.3702419354838711,Yellow
0:04:10.148000,Audio File 7.mp3,-0.5709677419354838,0.47024193548387094,Yellow
