Duration (hh:mm:ss.ms),Song,Valence,Arousal,Quadrant Color
0:00:01.639000,Audio File 8.mp3,0.41233766233766245,-0.7499999999999999,Blue
0:00:43.787000,Audio File 8.mp3,0.43506493506493515,-0.5064935064935063,Blue
0:00:44.843000,Audio File 8.mp3,0.4512987012987013,-0.3636363636363634,Blue
0:00:57.850000,Audio File 8.mp3,0.4545454545454546,-0.081168831168831,Blue
0:00:58.418000,Audio File 8.mp3,0.4155844155844157,0.038961038961039085,Green
0:02:31.492000,Audio File 8.mp3,0.38961038961038974,-0.4512987012987011,Blue
0:02:31.829000,Audio File 8.mp3,0.3798701298701299,-0.5746753246753245,Blue
0:02:52.268000,Audio File 8.mp3,0.7954545454545456,-0.857142857142857,Blue
