Duration (hh:mm:ss.ms),Song,Valence,Arousal,Quadrant Color
0:00:06.869000,Audio File 14.mp3,-0.057211510956004075,0.22085550279382882,Yellow
0:00:28.949000,Audio File 14.mp3,-0.04004805766920283,0.4916566546522494,Yellow
0:01:26.653000,Audio File 14.mp3,-0.11060892118160814,0.6957110437286649,Yellow
0:02:13.218000,Audio File 14.mp3,-0.21168259053721594,0.8368327707534755,Yellow
