Duration (hh:mm:ss.ms),Song,Valence,Arousal,Quadrant Color
0:00:05.168000,Audio File 14.mp3,-0.12728182045511383,0.15083770942735697,Yellow
0:00:05.933000,Audio File 14.mp3,0.04026006501625412,0.3533883470867718,Green
0:00:51.989000,Audio File 14.mp3,-0.09727431857964497,0.5234308577144287,Yellow
0:00:52.902000,Audio File 14.mp3,-0.004751187796949274,0.6234558639659915,Yellow
0:01:36.669000,Audio File 14.mp3,-0.009752438109527306,0.40590147536884214,Yellow
0:01:37.050000,Audio File 14.mp3,-0.009752438109527306,0.3908977244311078,Yellow
