Duration (hh:mm:ss.ms),Song,Valence,Arousal,Quadrant Color
0:00:03.004000,Audio File 14.mp3,-0.02595355679310707,0.31436377009561833,Yellow
0:00:20.772000,Audio File 14.mp3,-0.015446043921403696,0.4908899863402334,Yellow
0:00:20.914000,Audio File 14.mp3,-0.015446043921403696,0.4908899863402334,Yellow
0:01:09.609000,Audio File 14.mp3,-0.0007355259010193294,0.6590101922874858,Yellow
0:01:13.303000,Audio File 14.mp3,0.11274561311337616,0.7577808132814963,Green
0:01:34.503000,Audio File 14.mp3,0.08962908479562892,0.8418409162551224,Green
0:02:08.464000,Audio File 14.mp3,-0.15834821897656814,0.8586529368498477,Yellow
0:02:11.487000,Audio File 14.mp3,-0.17936324471997467,0.917495008931386,Yellow
