Duration (hh:mm:ss.ms),Song,Valence,Arousal,Quadrant Color
0:00:09.162000,Audio File 14.mp3,0.19249311294765814,0.2687918142463599,Green
0:00:09.290000,Audio File 14.mp3,0.19249311294765814,0.2687918142463599,Green
0:00:19.645000,Audio File 14.mp3,0.22004132231404938,0.48524203069657634,Green
0:00:25.315000,Audio File 14.mp3,0.25152499016135366,0.5678866587957498,Green
0:01:41.925000,Audio File 14.mp3,0.21067303863002773,0.6901632815611309,Green
0:01:42.553000,Audio File 14.mp3,0.27041019514137776,0.7260055754679409,Green
0:02:47.942000,Audio File 14.mp3,0.26261712970573714,0.7856320894295581,Green
