Duration (hh:mm:ss.ms),Song,Valence,Arousal,Quadrant Color
0:00:02.231000,Audio File 14.mp3,-0.09769737396196554,-0.09650142334967238,Red
0:00:05.463000,Audio File 14.mp3,0.11454174878299361,0.018040325433321458,Green
0:00:06.170000,Audio File 14.mp3,0.14823049842505065,0.11910657435949257,Green
0:00:07.107000,Audio File 14.mp3,0.1583371233176678,0.20669732342884095,Green
0:00:08.090000,Audio File 14.mp3,0.1414927484966393,0.32797682214024615,Green
0:00:36.584000,Audio File 14.mp3,0.17518149813869632,0.45262519581585714,Green
0:00:36.712000,Audio File 14.mp3,0.17518149813869632,0.45262519581585714,Green
0:01:04.632000,Audio File 14.mp3,0.202132497852342,0.5873801943840853,Green
0:01:33.337000,Audio File 14.mp3,0.18528812303131348,0.7120285680596963,Green
