Duration (hh:mm:ss.ms),Song,Valence,Arousal,Quadrant Color
0:00:05.451000,Audio File 14.mp3,-0.0486952948428192,0.2111567700842405,Yellow
0:00:20.155000,Audio File 14.mp3,0.09513047051571788,0.43305937949455475,Green
0:00:46.432000,Audio File 14.mp3,0.1444421614957878,0.5522292993630569,Green
0:00:56.516000,Audio File 14.mp3,0.1526607766591328,0.6919457571399217,Green
0:01:57.476000,Audio File 14.mp3,0.11873713109128348,0.39939945092656104,Green
0:01:57.912000,Audio File 14.mp3,0.10501029512697313,0.3444921070693201,Green
0:02:12.668000,Audio File 14.mp3,0.053534660260809774,0.5538263555250509,Green
