Duration (hh:mm:ss.ms),Song,Valence,Arousal,Quadrant Color
0:00:06.986000,Audio File 14.mp3,-0.09032698368092484,-0.20580501415122754,Red
0:00:35.337000,Audio File 14.mp3,-0.10036331520102748,0.09729219775587628,Yellow
0:01:27.889000,Audio File 14.mp3,-0.08831971737690414,0.4304984042232882,Yellow
0:02:41.283000,Audio File 14.mp3,-0.10733856560749921,0.38232401292679485,Yellow
0:02:41.899000,Audio File 14.mp3,-0.14748389168791043,0.24783717055741783,Yellow
0:02:42.467000,Audio File 14.mp3,-0.14748389168791043,0.1715610510046368,Yellow
0:02:43.067000,Audio File 14.mp3,-0.15752022320801307,0.03908147493928005,Yellow
0:02:49.133000,Audio File 14.mp3,-0.15752022320801307,-0.05325277504566528,Red
0:02:50.084000,Audio File 14.mp3,-0.15752022320801307,-0.11347076416628199,Red
