Duration (hh:mm:ss.ms),Song,Valence,Arousal,Quadrant Color
0:00:04.573000,Audio File 14.mp3,0.13012947114329587,-0.15292955892034255,Blue
0:00:29.643000,Audio File 14.mp3,0.15646258503401356,0.18062321702874673,Green
0:01:54.229000,Audio File 14.mp3,0.14549045424621454,0.46150976519640086,Green
0:02:24.103000,Audio File 14.mp3,0.12793504498573616,0.5865920561773093,Green
0:02:25.322000,Audio File 14.mp3,0.1520737327188939,0.4527320605661618,Green
0:02:25.990000,Audio File 14.mp3,0.1498793065613342,0.3495940311608512,Green
0:02:36.407000,Audio File 14.mp3,0.15646258503401356,0.09284617072635482,Green
