Duration (hh:mm:ss.ms),Song,Valence,Arousal,Quadrant Color
0:00:02.403000,Audio File 14.mp3,0.06462622481558955,0.20411758229659793,Green
0:00:10.259000,Audio File 14.mp3,0.2804139601453264,0.5079819442915336,Green
0:00:39.438000,Audio File 14.mp3,0.2539909721457667,0.6577122096223715,Green
0:00:39.585000,Audio File 14.mp3,0.2539909721457667,0.6577122096223715,Green
0:01:13.173000,Audio File 14.mp3,0.19674116481338766,0.3802708356269955,Green
0:01:13.881000,Audio File 14.mp3,0.2539909721457667,0.6312892216228119,Green
0:01:33.490000,Audio File 14.mp3,0.23637564681272716,0.7281735109545302,Green
0:01:50.155000,Audio File 14.mp3,0.2539909721457667,0.7810194869536495,Green
