Duration (hh:mm:ss.ms),Song,Valence,Arousal,Quadrant Color
0:00:02.781000,Audio File 14.mp3,0.1483870967741936,0.056580645161290244,Green
0:00:07.500000,Audio File 14.mp3,0.29354838709677433,0.17916129032258077,Green
0:00:18.730000,Audio File 14.mp3,0.24838709677419368,0.3081935483870968,Green
0:00:55.708000,Audio File 14.mp3,0.27741935483870983,0.36948387096774193,Green
0:01:22.644000,Audio File 14.mp3,0.2548387096774194,0.5243225806451612,Green
0:02:07.583000,Audio File 14.mp3,0.2709677419354839,0.6598064516129034,Green
