Duration (hh:mm:ss.ms),Song,Valence,Arousal,Quadrant Color
0:00:07.184000,Audio File 14.mp3,0.10041743970315364,-0.03571428571428581,Blue
0:00:55.500000,Audio File 14.mp3,0.0006957328385894801,0.28200371057513896,Green
0:02:10.354000,Audio File 14.mp3,0.07026901669758767,0.20083487940630795,Green
0:02:11.268000,Audio File 14.mp3,0.07258812615955423,0.09183673469387754,Green
0:02:41.758000,Audio File 14.mp3,0.10505565862708677,-0.014842300556586308,Blue
0:02:42.234000,Audio File 14.mp3,0.1027365491651202,-0.19109461966604835,Blue
0:02:42.801000,Audio File 14.mp3,0.1027365491651202,-0.33487940630797774,Blue
0:02:47.234000,Audio File 14.mp3,0.1027365491651202,-0.5018552875695733,Blue
0:02:48.435000,Audio File 14.mp3,0.1166512059369198,-0.5923005565862709,Blue
