Duration (hh:mm:ss.ms),Song,Valence,Arousal,Quadrant Color
0:00:05.936000,Audio File 16.mp3,0.2928232058014504,-0.7843960990247562,Blue
0:00:13.222000,Audio File 16.mp3,0.25531382845711437,-0.36179044761190293,Blue
0:00:14.038000,Audio File 16.mp3,0.25281320330082524,-0.021705426356589008,Blue
0:01:51.641000,Audio File 16.mp3,0.2728182045511378,0.2508627156789198,Green
0:03:19.181000,Audio File 16.mp3,0.25531382845711437,0.4109027256814204,Green
