Duration (hh:mm:ss.ms),Song,Valence,Arousal,Quadrant Color
0:00:04.709000,Audio File 16.mp3,0.2987012987012987,-0.8214285714285713,Blue
0:00:28.328000,Audio File 16.mp3,0.3376623376623378,-0.4740259740259738,Blue
0:00:29.026000,Audio File 16.mp3,0.3344155844155845,-0.25324675324675305,Blue
0:01:39.963000,Audio File 16.mp3,0.30519480519480524,-0.0032467532467530535,Blue
0:02:23.187000,Audio File 16.mp3,0.31818181818181834,0.25974025974026005,Green
0:03:15.758000,Audio File 16.mp3,0.3311688311688312,0.22727272727272751,Green
0:03:15.897000,Audio File 16.mp3,0.3311688311688312,0.22727272727272751,Green
0:03:17.471000,Audio File 16.mp3,0.2987012987012987,0.3506493506493509,Green
0:03:18.080000,Audio File 16.mp3,0.2987012987012987,0.418831168831169,Green
