Duration (hh:mm:ss.ms),Song,Valence,Arousal,Quadrant Color
0:00:29.284000,Audio File 16.mp3,0.19089408940894081,-0.6877973511636877,Blue
0:00:58.019000,Audio File 16.mp3,0.22732630405897725,-0.45848870601345837,Blue
0:01:22.552000,Audio File 16.mp3,0.3601967339591101,-0.2763276327632762,Blue
0:01:23.733000,Audio File 16.mp3,0.3601967339591101,-0.13488491706313477,Blue
0:01:24.950000,Audio File 16.mp3,0.2701877330590201,0.04084694183704096,Green
0:01:25.783000,Audio File 16.mp3,0.2101817324589601,0.22515108653722526,Green
0:03:28.165000,Audio File 16.mp3,0.19732330375894724,0.37302301658737314,Green
0:03:29.364000,Audio File 16.mp3,0.1951802323089451,0.08156529938708168,Green
