Duration (hh:mm:ss.ms),Song,Valence,Arousal,Quadrant Color
0:00:04.448000,Audio File 16.mp3,0.07156109196925531,-0.6045587065995229,Blue
0:00:05.165000,Audio File 16.mp3,0.13782136231115816,-0.17519215478399164,Blue
0:01:09.423000,Audio File 16.mp3,0.22263450834879395,0.1428571428571428,Green
0:01:15.206000,Audio File 16.mp3,0.2411873840445269,0.41054863503843064,Green
0:02:01.261000,Audio File 16.mp3,0.26769149218128785,0.5218658892128278,Green
0:02:36.960000,Audio File 16.mp3,0.2464882056718789,0.46355685131195323,Green
0:03:53.116000,Audio File 16.mp3,0.198780811025709,0.6146302676914919,Green
0:04:16.917000,Audio File 16.mp3,0.23323615160349842,0.19321494831698893,Green
