Duration (hh:mm:ss.ms),Song,Valence,Arousal,Quadrant Color
0:00:04.934000,Audio File 16.mp3,0.3121261251188012,-0.8044948845530274,Blue
0:00:49.903000,Audio File 16.mp3,0.31659864706211205,-0.49589087046458324,Blue
0:01:08.365000,Audio File 16.mp3,0.2875272544305918,-0.261083468440767,Blue
0:01:09.215000,Audio File 16.mp3,0.2696371666573487,0.03186671884608927,Green
0:01:39.853000,Audio File 16.mp3,0.2830547324872812,0.23536646726673016,Green
0:01:40.010000,Audio File 16.mp3,0.2830547324872812,0.23536646726673016,Green
0:01:40.631000,Audio File 16.mp3,0.2852909934589365,0.3449432548778444,Green
0:02:24.937000,Audio File 16.mp3,0.25621960082741646,0.5059540448370325,Green
0:03:26.312000,Audio File 16.mp3,0.27634594957231484,0.6669648347962207,Green
