Duration (hh:mm:ss.ms),Song,Valence,Arousal,Quadrant Color
0:00:04.717000,Audio File 20.mp3,0.2851892332090351,-0.7285157087137284,Blue
0:00:30.891000,Audio File 20.mp3,0.4887810209592387,-0.5742145643135741,Blue
0:01:49.050000,Audio File 20.mp3,0.3987720200591487,-0.2570399897132569,Blue
0:01:53.217000,Audio File 20.mp3,0.29161844755904154,0.09442372808709454,Green
0:02:25.456000,Audio File 20.mp3,0.2509000900090008,0.37302301658737314,Green
0:02:43.320000,Audio File 20.mp3,0.25732930435900725,-0.06416355921306405,Blue
0:02:43.900000,Audio File 20.mp3,0.2894753761090394,-0.25918306116325907,Blue
0:02:44.568000,Audio File 20.mp3,0.3001907333590501,-0.4091980626634091,Blue
0:02:45.518000,Audio File 20.mp3,0.35591059105910583,-0.6985127084136984,Blue
