Duration (hh:mm:ss.ms),Song,Valence,Arousal,Quadrant Color
0:00:02.701000,Audio File 15.mp3,-0.07834101382488479,0.5624533684441515,Yellow
0:00:25.156000,Audio File 15.mp3,-0.08711871845512409,0.4483432082510421,Yellow
0:00:26.334000,Audio File 15.mp3,-0.0980908492429231,0.3627605881062099,Yellow
0:00:57.704000,Audio File 15.mp3,-0.14856265086679832,0.48784287908711854,Yellow
0:01:09.806000,Audio File 15.mp3,-0.15734035549703762,0.632675005486065,Yellow
0:02:11.436000,Audio File 15.mp3,-0.12442396313364057,0.7445907395216149,Yellow
