Duration (hh:mm:ss.ms),Song,Valence,Arousal,Quadrant Color
0:00:01.502000,Audio File 15.mp3,-0.18802673641383305,0.46340017436791614,Yellow
0:00:01.984000,Audio File 15.mp3,-0.18802673641383305,0.6889160127869807,Yellow
0:00:47.982000,Audio File 15.mp3,-0.39959314152862535,0.7679628015111888,Yellow
0:00:49.417000,Audio File 15.mp3,-0.5204882301656494,0.8423597791339725,Yellow
0:02:17.284000,Audio File 15.mp3,-0.7227550130775936,0.8842080790467888,Yellow
