Duration (hh:mm:ss.ms),Song,Valence,Arousal,Quadrant Color
0:00:03.544000,Audio File 15.mp3,-0.13138612360402258,0.43241194603062305,Yellow
0:00:04.260000,Audio File 15.mp3,-0.026950999713645896,0.6682331935250223,Yellow
0:00:48.224000,Audio File 15.mp3,-0.06063974935570293,0.7794060673438103,Yellow
0:00:48.663000,Audio File 15.mp3,-0.0033688749642060145,0.8265703168426901,Yellow
