Duration (hh:mm:ss.ms),Song,Valence,Arousal,Quadrant Color
0:00:05.557000,Audio File 15.mp3,-0.05127298444130135,0.30444473018730456,Yellow
0:00:47.003000,Audio File 15.mp3,-0.07270369894132278,0.4351720886374353,Yellow
0:01:16.273000,Audio File 15.mp3,-0.08127598474133135,0.5466118040375467,Yellow
