Duration (hh:mm:ss.ms),Song,Valence,Arousal,Quadrant Color
0:00:02.366000,Audio File 15.mp3,-0.0640086243199085,0.5031583202789427,Yellow
0:00:55.670000,Audio File 15.mp3,-0.05727087439149714,0.6648643185608165,Yellow
0:02:17.542000,Audio File 15.mp3,-0.13138612360402258,0.30776357235501206,Yellow
0:02:17.850000,Audio File 15.mp3,-0.11454174878299406,0.1561641989657554,Yellow
0:02:18.595000,Audio File 15.mp3,-0.17855037310290256,-0.049337173850792615,Red
