Duration (hh:mm:ss.ms),Song,Valence,Arousal,Quadrant Color
0:00:06.875000,Audio File 15.mp3,-0.059164174311005846,0.08524859993175293,Yellow
0:00:14.496000,Audio File 15.mp3,-0.08726590256729372,0.38232401292679485,Yellow
0:01:19.532000,Audio File 15.mp3,-0.07120777213512919,0.5629779802886448,Yellow
