Duration (hh:mm:ss.ms),Song,Valence,Arousal,Quadrant Color
0:00:02.933000,Audio File 15.mp3,-0.032419856208402376,0.10833953124702034,Yellow
0:00:03.567000,Audio File 15.mp3,-0.05911856132120441,0.38295478383584114,Yellow
0:00:24.084000,Audio File 15.mp3,-0.051490359860403734,0.5507752159734538,Yellow
0:00:49.117000,Audio File 15.mp3,-0.061025611686404524,0.6404065831378607,Yellow
0:02:03.067000,Audio File 15.mp3,-0.06483971241680475,0.7414802524934685,Yellow
