Duration (hh:mm:ss.ms),Song,Valence,Arousal,Quadrant Color
0:00:06.351000,Audio File 15.mp3,-0.2140904208573382,0.22292744849135815,Yellow
0:00:07.233000,Audio File 15.mp3,0.1179084073820913,0.4865735767991406,Green
0:00:07.911000,Audio File 15.mp3,0.14720242163851172,0.6818670051752758,Green
0:00:22.654000,Audio File 15.mp3,-0.038326335318816795,0.5793379552778049,Yellow
0:00:57.305000,Audio File 15.mp3,-0.06273801386583355,0.7355726979787129,Yellow
0:01:50.627000,Audio File 15.mp3,-0.08714969241285053,0.7648667122351331,Yellow
