Duration (hh:mm:ss.ms),Song,Valence,Arousal,Quadrant Color
0:00:04.706000,Audio File 15.mp3,-0.052973342447026894,0.31080949126061896,Yellow
0:00:04.883000,Audio File 15.mp3,-0.052973342447026894,0.31080949126061896,Yellow
0:00:06.409000,Audio File 15.mp3,-0.10667903525046407,0.5305145981837709,Yellow
0:00:50.302000,Audio File 15.mp3,-0.09203202812225375,0.6721023337564689,Yellow
0:01:54.236000,Audio File 15.mp3,-0.10667903525046407,0.6525729909188553,Yellow
0:01:54.797000,Audio File 15.mp3,-0.09691436383165719,0.7160433551410992,Yellow
