Duration (hh:mm:ss.ms),Song,Valence,Arousal,Quadrant Color
0:00:05.449000,Audio File 15.mp3,-0.12728182045511383,0.40340085021255323,Yellow
0:00:34.371000,Audio File 15.mp3,-0.14228557139284814,0.6434608652163041,Yellow
0:01:54.254000,Audio File 15.mp3,-0.06226556639159786,0.7434858714678672,Yellow
