Duration (hh:mm:ss.ms),Song,Valence,Arousal,Quadrant Color
0:00:02.562000,Audio File 15.mp3,-0.04987338984916878,0.477309259055378,Yellow
0:00:09.301000,Audio File 15.mp3,-0.06308488384894861,0.6006165363866565,Yellow
0:01:43.473000,Audio File 15.mp3,-0.09391170318176822,0.7107123197181546,Yellow
0:02:13.914000,Audio File 15.mp3,-0.10271936584828811,0.7855774523835737,Yellow
