Duration (hh:mm:ss.ms),Song,Valence,Arousal,Quadrant Color
0:00:04.554000,Audio File 15.mp3,-0.7398648648648651,0.35696735696735704,Yellow
0:00:06.906000,Audio File 15.mp3,-0.4274745524745527,0.5675675675675675,Yellow
0:00:12.087000,Audio File 15.mp3,-0.6556247806247809,0.8255528255528257,Yellow
0:00:22.454000,Audio File 15.mp3,-0.4590645840645844,0.8904878904878903,Yellow
0:00:51.102000,Audio File 15.mp3,-0.40114952614952637,0.95015795015795,Yellow
0:01:31.523000,Audio File 15.mp3,-0.7135398385398388,0.9887679887679885,Yellow
0:02:16.387000,Audio File 15.mp3,-0.8978150228150231,0.9694629694629695,Yellow
