Duration (hh:mm:ss.ms),Song,Valence,Arousal,Quadrant Color
0:00:02.166000,Audio File 15.mp3,-0.009677419354838568,0.14045161290322583,Yellow
0:00:08.563000,Audio File 15.mp3,-0.03548387096774186,0.3985161290322581,Yellow
0:00:39.044000,Audio File 15.mp3,0.003225806451612856,0.6081935483870968,Green
0:00:59.606000,Audio File 15.mp3,-0.08064516129032251,0.7501290322580647,Yellow
0:01:29.028000,Audio File 15.mp3,-0.11290322580645151,0.8275483870967741,Yellow
0:01:57.109000,Audio File 15.mp3,-0.1870967741935483,0.9146451612903228,Yellow
