Duration (hh:mm:ss.ms),Song,Valence,Arousal,Quadrant Color
0:00:02.294000,Audio File 15.mp3,0.17958751583205723,0.14153386642469612,Green
0:00:03.295000,Audio File 15.mp3,0.10964290440272961,0.5139416624132782,Green
0:00:04.563000,Audio File 15.mp3,-0.10964290440272983,0.6821868088243634,Yellow
0:00:49.550000,Audio File 15.mp3,-0.05860224200835562,0.7672545794816537,Yellow
0:02:17.021000,Audio File 15.mp3,-0.07372540123631843,0.7672545794816537,Yellow
