Duration (hh:mm:ss.ms),Song,Valence,Arousal,Quadrant Color
0:00:02.184000,Audio File 15.mp3,-0.0727430009436929,0.4601177369343461,Yellow
0:00:13.116000,Audio File 15.mp3,0.021626297577854725,0.5612276996360044,Green
0:00:47.920000,Audio File 15.mp3,0.021626297577854725,0.6713252145778099,Green
0:01:29.516000,Audio File 15.mp3,-0.02780523974295601,0.2826135801914351,Yellow
