Duration (hh:mm:ss.ms),Song,Valence,Arousal,Quadrant Color
0:00:02.052000,Audio File 15.mp3,0.12139752677601279,0.21736430899777526,Green
0:00:02.951000,Audio File 15.mp3,0.004980079681274896,0.2509960159362552,Green
0:00:22.903000,Audio File 15.mp3,-0.04417395353650333,0.45537331194701736,Yellow
0:00:49.661000,Audio File 15.mp3,-0.04417395353650333,0.6519894448181303,Yellow
0:01:47.351000,Audio File 15.mp3,-0.06745744295545109,0.758058674393336,Yellow
0:01:47.982000,Audio File 15.mp3,-0.05452217105603574,0.8511926320691261,Yellow
