Duration (hh:mm:ss.ms),Song,Valence,Arousal,Quadrant Color
0:00:02.038000,Audio File 15.mp3,-0.052643784786642334,0.4860853432282002,Yellow
0:00:21.891000,Audio File 15.mp3,-0.045686456400742426,0.7713358070500926,Yellow
0:01:26.804000,Audio File 15.mp3,-0.060785604564406404,0.8279789335088872,Yellow
0:02:11.556000,Audio File 15.mp3,-0.08272986614000444,0.6502304147465436,Yellow
0:02:14.256000,Audio File 15.mp3,-0.06736888303708599,0.43078779899056374,Yellow
