Duration (hh:mm:ss.ms),Song,Valence,Arousal,Quadrant Color
0:00:02.566000,Audio File 9.mp3,0.2000902323482967,-0.7665914730430858,Blue
0:00:06.520000,Audio File 9.mp3,-0.020979020979021268,-0.7598240469208211,Red
0:00:34.654000,Audio File 9.mp3,0.044439431536205554,-0.41468531468531455,Blue
0:00:35.433000,Audio File 9.mp3,-0.09542070832393423,0.24626663658921744,Yellow
0:00:36.269000,Audio File 9.mp3,-0.07963004737198309,0.4380103767200545,Yellow
0:02:54.236000,Audio File 9.mp3,-0.0728626212497181,0.5553124295059781,Yellow
0:02:54.816000,Audio File 9.mp3,-0.0728626212497181,0.399661628693887,Yellow
0:03:48.617000,Audio File 9.mp3,-0.08188585607940468,0.3590570719602981,Yellow
