Duration (hh:mm:ss.ms),Song,Valence,Arousal,Quadrant Color
0:00:03.507000,Audio File 9.mp3,0.15231880330890224,-0.8013801380138013,Blue
0:00:03.656000,Audio File 9.mp3,0.15231880330890224,-0.8013801380138013,Blue
0:00:38.069000,Audio File 9.mp3,0.08159744545883152,-0.12202648836312191,Blue
0:00:38.800000,Audio File 9.mp3,-0.034128412841284206,0.12442672838712454,Yellow
0:00:39.464000,Audio File 9.mp3,-0.05127298444130135,0.31301701598731313,Yellow
0:03:15.401000,Audio File 9.mp3,-0.040557627191290635,0.6451930907376453,Yellow
0:04:00.668000,Audio File 9.mp3,-0.07484677039132492,0.6601945908876603,Yellow
