Duration (hh:mm:ss.ms),Song,Valence,Arousal,Quadrant Color
0:00:03.303000,Audio File 9.mp3,0.2574517993020198,-0.6621088162938382,Blue
0:00:23.964000,Audio File 9.mp3,0.16400633140721266,-0.3855865133398172,Blue
0:00:27.067000,Audio File 9.mp3,0.09153841752960723,-0.10334305929019583,Blue
0:00:28.149000,Audio File 9.mp3,0.08581726643400667,0.24755420790663085,Green
0:01:14.634000,Audio File 9.mp3,-0.026698705112801813,0.5660316188950552,Yellow
0:02:21.564000,Audio File 9.mp3,0.0438621583996035,-0.011804641760588819,Blue
0:03:35.965000,Audio File 9.mp3,0.08200316570360644,0.14457348818582294,Green
