Duration (hh:mm:ss.ms),Song,Valence,Arousal,Quadrant Color
0:00:24.287000,Audio File 9.mp3,0.14610389610389607,-0.05519480519480502,Blue
0:00:25.067000,Audio File 9.mp3,0.14935064935064934,0.22077922077922096,Green
0:00:31.769000,Audio File 9.mp3,0.02922077922077926,0.49350649350649367,Green
0:00:32.514000,Audio File 9.mp3,-0.04220779220779214,0.63961038961039,Yellow
0:01:00.468000,Audio File 9.mp3,-0.08116883116883122,0.7662337662337664,Yellow
0:02:41.881000,Audio File 9.mp3,-0.09082321824965778,0.8386718934492041,Yellow
0:03:20.112000,Audio File 9.mp3,-0.16639115855098474,0.4268266188069709,Yellow
0:03:23.678000,Audio File 9.mp3,-0.15505596750578565,0.2945827232796485,Yellow
