Duration (hh:mm:ss.ms),Song,Valence,Arousal,Quadrant Color
0:00:08.258000,Audio File 9.mp3,0.3817020808103049,-0.8482439722558628,Blue
0:00:08.557000,Audio File 9.mp3,0.14829902014752827,-0.7381481889243643,Blue
0:01:21.138000,Audio File 9.mp3,0.19233733348012771,-0.5047451282615876,Blue
0:01:21.619000,Audio File 9.mp3,0.13949135748100838,-0.36822635693052974,Blue
0:02:23.810000,Audio File 9.mp3,-0.02785423318286906,0.17344489706044253,Yellow
0:02:24.417000,Audio File 9.mp3,-0.023450401849609115,0.4288671143895191,Yellow
0:02:25.102000,Audio File 9.mp3,-0.04987338984916878,0.556578223054057,Yellow
0:03:10.476000,Audio File 9.mp3,-0.010238907849829282,0.27913684905868097,Yellow
0:03:11.014000,Audio File 9.mp3,0.029395574149509995,0.10738742706154358,Green
