Duration (hh:mm:ss.ms),Song,Valence,Arousal,Quadrant Color
0:00:02.917000,Audio File 9.mp3,0.24838709677419368,-0.7587903225806452,Blue
0:00:34.373000,Audio File 9.mp3,0.01935483870967758,-0.49104838709677423,Blue
0:00:54.274000,Audio File 9.mp3,-0.06451612903225801,-0.2813709677419354,Red
0:01:19.219000,Audio File 9.mp3,0.0,0.03475806451612895,Green
0:01:42.759000,Audio File 9.mp3,-0.022580645161290214,0.2121774193548387,Yellow
0:02:16.534000,Audio File 9.mp3,-0.019354838709677358,0.4347580645161291,Yellow
0:02:39.079000,Audio File 9.mp3,-0.019354838709677358,0.5895967741935484,Yellow
0:03:28.648000,Audio File 9.mp3,-0.02580645161290307,0.5218548387096775,Yellow
0:03:29.187000,Audio File 9.mp3,0.00967741935483879,0.40572580645161294,Green
