Duration (hh:mm:ss.ms),Song,Valence,Arousal,Quadrant Color
0:00:02.166000,Audio File 5.mp3,-0.1593186921518155,0.7235883673804699,Yellow
0:00:24.535000,Audio File 5.mp3,-0.46469049694856135,0.7609415867480385,Yellow
0:00:39.136000,Audio File 5.mp3,-0.48793955245568144,0.5795989537925026,Yellow
0:01:36.101000,Audio File 5.mp3,-0.7064806742226096,0.5749491426910782,Yellow
0:02:11.199000,Audio File 5.mp3,-0.7343795408311536,0.8074396977622786,Yellow
0:03:03.983000,Audio File 5.mp3,-0.7506538796861376,0.40755594303981413,Yellow
0:03:07.249000,Audio File 5.mp3,-0.7018308631211856,0.7028189479802385,Yellow
