Duration (hh:mm:ss.ms),Song,Valence,Arousal,Quadrant Color
0:00:03.302000,Audio File 5.mp3,-0.1353960939214396,0.6721746763221417,Yellow
0:00:37.403000,Audio File 5.mp3,-0.15953478165459734,0.38470484968180796,Yellow
0:01:32.468000,Audio File 5.mp3,-0.21658986175115214,0.20915075707702413,Yellow
0:01:32.633000,Audio File 5.mp3,-0.21658986175115214,0.20915075707702413,Yellow
0:02:05.215000,Audio File 5.mp3,-0.26706166337502757,0.30789993416721506,Yellow
0:03:06.849000,Audio File 5.mp3,-0.1727013385999563,0.5931753346499888,Yellow
0:03:08.183000,Audio File 5.mp3,-0.15734035549703762,0.6568136932192228,Yellow
