Duration (hh:mm:ss.ms),Song,Valence,Arousal,Quadrant Color
0:00:03.568000,Audio File 5.mp3,-0.08009611533840588,0.48593550355664905,Yellow
0:00:24.118000,Audio File 5.mp3,-0.08391021606880611,0.670919388981063,Yellow
0:01:18.070000,Audio File 5.mp3,-0.1144230219120086,0.8101340656406735,Yellow
0:01:18.260000,Audio File 5.mp3,-0.1144230219120086,0.8101340656406735,Yellow
0:02:57.260000,Audio File 5.mp3,-0.1640063314072122,0.8787878787878789,Yellow
