Duration (hh:mm:ss.ms),Song,Valence,Arousal,Quadrant Color
0:00:01.349000,Audio File 5.mp3,-0.09090909090909083,0.5519480519480522,Yellow
0:00:41.634000,Audio File 5.mp3,-0.1883116883116882,0.2532467532467535,Yellow
0:00:42.622000,Audio File 5.mp3,-0.3246753246753247,0.27272727272727293,Yellow
0:01:15.445000,Audio File 5.mp3,-0.31493506493506485,0.50974025974026,Yellow
0:01:16.599000,Audio File 5.mp3,-0.2987012987012987,0.616883116883117,Yellow
