Duration (hh:mm:ss.ms),Song,Valence,Arousal,Quadrant Color
0:00:01.287000,Audio File 5.mp3,-0.14731867680295885,0.6687692623792889,Yellow
0:00:24.087000,Audio File 5.mp3,-0.15553729196630384,0.7673926443394286,Yellow
0:00:24.200000,Audio File 5.mp3,-0.15553729196630384,0.7673926443394286,Yellow
0:01:28.916000,Audio File 5.mp3,-0.19663036778302878,0.4591945757139919,Yellow
0:01:29.572000,Audio File 5.mp3,-0.40209574686665306,0.49617834394904436,Yellow
0:02:03.293000,Audio File 5.mp3,-0.3733305937949456,0.24551058146702265,Yellow
0:02:28.018000,Audio File 5.mp3,-0.5212656667351552,0.2167454283953152,Yellow
0:03:08.774000,Audio File 5.mp3,-0.6363262790219848,0.17154304499691797,Yellow
