Duration (hh:mm:ss.ms),Song,Valence,Arousal,Quadrant Color
0:00:01.614000,Audio File 5.mp3,-0.08085299914093702,0.6985530682028736,Yellow
0:00:25.433000,Audio File 5.mp3,-0.08759074906934838,0.8265703168426901,Yellow
0:00:45.991000,Audio File 5.mp3,-0.17855037310290256,0.29091919753398354,Yellow
0:01:54.857000,Audio File 5.mp3,-0.1684437482102854,0.25049269796351514,Yellow
0:01:55.183000,Audio File 5.mp3,-0.23582124749439948,0.31113244731921763,Yellow
0:02:01.471000,Audio File 5.mp3,-0.32678087152795343,0.2774436976771606,Yellow
0:02:24.379000,Audio File 5.mp3,-0.27961662202907367,0.2572304478919265,Yellow
0:02:24.949000,Audio File 5.mp3,-0.42110937052571307,0.28755032256977775,Yellow
0:02:25.350000,Audio File 5.mp3,-0.5423888692371184,0.26396819782033787,Yellow
