Duration (hh:mm:ss.ms),Song,Valence,Arousal,Quadrant Color
0:00:01.887000,Audio File 5.mp3,-0.09354838709677415,0.6508870967741935,Yellow
0:00:23.029000,Audio File 5.mp3,-0.2677419354838708,0.7476612903225806,Yellow
0:01:18.046000,Audio File 5.mp3,-0.4419354838709677,0.7992741935483871,Yellow
0:02:11.565000,Audio File 5.mp3,-0.49677419354838703,0.8250806451612904,Yellow
0:02:11.715000,Audio File 5.mp3,-0.49677419354838703,0.8250806451612904,Yellow
0:02:32.522000,Audio File 5.mp3,-0.5806451612903225,0.5895967741935484,Yellow
0:03:03.865000,Audio File 5.mp3,-0.629032258064516,0.35411290322580635,Yellow
0:03:03.984000,Audio File 5.mp3,-0.629032258064516,0.35411290322580635,Yellow
