Duration (hh:mm:ss.ms),Song,Valence,Arousal,Quadrant Color
0:00:01.217000,Audio File 5.mp3,-0.16935918752527757,0.6578438862175888,Yellow
0:01:56.571000,Audio File 5.mp3,-0.3580977845683728,0.446636408574125,Yellow
0:02:13.516000,Audio File 5.mp3,-0.27271603828697266,0.5095492742551568,Yellow
0:02:13.933000,Audio File 5.mp3,-0.27271603828697266,0.6039185727767045,Yellow
