Duration (hh:mm:ss.ms),Song,Valence,Arousal,Quadrant Color
0:00:04.069000,Audio File 10.mp3,0.17735568396361368,-0.7422049316322443,Blue
0:00:17.489000,Audio File 10.mp3,0.0076282014608006765,0.5736598203558556,Green
0:00:17.656000,Audio File 10.mp3,0.0076282014608006765,0.5736598203558556,Green
0:02:03.352000,Audio File 10.mp3,0.015256402921601353,0.7586437057802695,Green
0:02:56.134000,Audio File 10.mp3,-0.03432690657360249,0.7948776627190726,Yellow
0:02:59.077000,Audio File 10.mp3,-0.003814100730400005,0.5317047123214524,Yellow
0:02:59.793000,Audio File 10.mp3,-0.005721151095600341,0.3123939203234358,Yellow
0:04:04.156000,Audio File 10.mp3,0.040048057669203274,0.24946125827183097,Green
