Duration (hh:mm:ss.ms),Song,Valence,Arousal,Quadrant Color
0:00:08.067000,Audio File 10.mp3,0.0727681920480121,-0.7830207551887971,Blue
0:00:15.737000,Audio File 10.mp3,-0.012253063265816433,0.4422855713928482,Yellow
0:00:34.036000,Audio File 10.mp3,0.005251312828207011,0.5598149537384345,Green
0:01:18.350000,Audio File 10.mp3,-0.0022505626406601476,0.7548637159289824,Yellow
0:02:42.001000,Audio File 10.mp3,-0.08227056764191043,0.6998499624906229,Yellow
0:03:22.998000,Audio File 10.mp3,-0.12728182045511383,0.48479619904976246,Yellow
