Duration (hh:mm:ss.ms),Song,Valence,Arousal,Quadrant Color
0:00:15.624000,Audio File 10.mp3,-0.05300821627352237,-0.3262655711635304,Red
0:00:16.288000,Audio File 10.mp3,-0.07686191359660732,0.3045322024913859,Yellow
0:00:32.844000,Audio File 10.mp3,-0.09806520010601627,0.5907765703684069,Yellow
0:00:32.982000,Audio File 10.mp3,-0.09806520010601627,0.5907765703684069,Yellow
0:02:36.764000,Audio File 10.mp3,-0.09276437847866426,0.35223959713755604,Yellow
0:02:37.281000,Audio File 10.mp3,-0.09276437847866426,0.1614100185528755,Yellow
0:02:38.729000,Audio File 10.mp3,-0.35250463821892386,0.07394646170156371,Yellow
0:03:59.649000,Audio File 10.mp3,-0.1537238271932151,0.32573548900079485,Yellow
0:04:00.358000,Audio File 10.mp3,-0.12721971905645368,0.12165385634773385,Yellow
