Duration (hh:mm:ss.ms),Song,Valence,Arousal,Quadrant Color
0:00:04.822000,Audio File 10.mp3,0.2486284836515249,-0.7958964230853633,Blue
0:00:06.020000,Audio File 10.mp3,0.03138029405310494,-0.22973447443493544,Blue
0:00:09.036000,Audio File 10.mp3,-0.01470265525565062,0.6985077902128591,Yellow
0:00:15.637000,Audio File 10.mp3,-0.01470265525565062,0.8411454904542459,Yellow
0:02:03.280000,Audio File 10.mp3,-0.016897081413210557,0.7797015580425717,Yellow
0:03:27.707000,Audio File 10.mp3,-0.08053543998244472,0.8257845073513275,Yellow
0:03:28.983000,Audio File 10.mp3,-0.11345183234584155,0.874061882817643,Yellow
