Duration (hh:mm:ss.ms),Song,Valence,Arousal,Quadrant Color
0:00:05.021000,Audio File 21.mp3,-0.11297859352964701,-0.32168641731040426,Red
0:00:52.355000,Audio File 21.mp3,-0.1087688648466607,0.06981835020732907,Yellow
0:01:06.627000,Audio File 21.mp3,-0.12139805089561984,0.3308215285524847,Yellow
0:02:06.006000,Audio File 21.mp3,-0.20559262455534744,0.4402744743101308,Yellow
0:02:06.587000,Audio File 21.mp3,-0.20559262455534744,0.3350312572354712,Yellow
0:02:07.704000,Audio File 21.mp3,-0.23506072533625222,0.223473447136332,Yellow
0:02:08.538000,Audio File 21.mp3,-0.23716558967774537,0.1540129238670569,Yellow
