Duration (hh:mm:ss.ms),Song,Valence,Arousal,Quadrant Color
0:00:02.383000,Audio File 21.mp3,-0.015716355357789702,-0.4216381228333418,Red
0:00:35.485000,Audio File 21.mp3,-0.15800434625135829,-0.16551973922491836,Red
0:00:48.650000,Audio File 21.mp3,-0.17870078129042288,0.21477725461789232,Yellow
0:01:31.405000,Audio File 21.mp3,-0.19422310756972117,0.37517462617064234,Yellow
0:02:10.083000,Audio File 21.mp3,-0.2537253583070316,0.41398044186888816,Yellow
0:02:10.549000,Audio File 21.mp3,-0.2588994670667979,0.31825942981321487,Yellow
0:02:10.895000,Audio File 21.mp3,-0.2873570652455115,0.18890671081906163,Yellow
0:02:11.464000,Audio File 21.mp3,-0.4141227298597818,-0.0077094220520512735,Red
