Duration (hh:mm:ss.ms),Song,Valence,Arousal,Quadrant Color
0:00:02.667000,Audio File 21.mp3,-0.09354838709677415,-0.3789032258064515,Red
0:00:09.367000,Audio File 21.mp3,-0.28064516129032246,0.011419354838709594,Yellow
0:00:34.938000,Audio File 21.mp3,-0.28064516129032246,0.30174193548387107,Yellow
0:00:49.919000,Audio File 21.mp3,-0.22580645161290325,0.4727096774193549,Yellow
0:01:17.423000,Audio File 21.mp3,-0.24193548387096775,0.6081935483870968,Yellow
0:01:55.384000,Audio File 21.mp3,-0.23548387096774182,0.7017419354838708,Yellow
0:01:59.326000,Audio File 21.mp3,-0.20645161290322567,0.7662580645161292,Yellow
0:02:00.924000,Audio File 21.mp3,-0.14193548387096766,0.840451612903226,Yellow
