Duration (hh:mm:ss.ms),Song,Valence,Arousal,Quadrant Color
0:00:02.067000,Audio File 21.mp3,-0.011143695014662613,-0.3935483870967742,Red
0:00:02.765000,Audio File 21.mp3,-0.03460410557184734,-0.16363636363636358,Red
0:00:05.399000,Audio File 21.mp3,-0.058064516129032295,0.009970674486803555,Yellow
0:00:10.137000,Audio File 21.mp3,-0.072140762463343,0.24457478005865108,Yellow
0:00:40.417000,Audio File 21.mp3,-0.11436950146627556,0.4627565982404691,Yellow
0:01:07.185000,Audio File 21.mp3,-0.23636363636363633,0.6082111436950148,Yellow
0:02:07.701000,Audio File 21.mp3,-0.23636363636363633,0.32668621700879763,Yellow
0:02:08.399000,Audio File 21.mp3,-0.2269794721407623,0.1577712609970674,Yellow
0:02:09.752000,Audio File 21.mp3,-0.20586510263929614,0.017008797653958796,Yellow
