Duration (hh:mm:ss.ms),Song,Valence,Arousal,Quadrant Color
0:00:01.906000,Audio File 21.mp3,-0.07913291329132921,-0.19274784621319263,Red
0:00:11.441000,Audio File 21.mp3,-0.13913891389138922,0.22300801508722312,Yellow
0:00:29.991000,Audio File 21.mp3,-0.19700184304144708,0.34944923063734956,Yellow
0:00:37.355000,Audio File 21.mp3,-0.28058162959153066,0.47803351763747814,Yellow
0:00:53.671000,Audio File 21.mp3,-0.3663044875916164,0.5637563756375639,Yellow
0:01:34.246000,Audio File 21.mp3,-0.37916291629162924,0.5080365179375081,Yellow
0:01:35.061000,Audio File 21.mp3,-0.3212999871415714,0.45445973168745457,Yellow
