Duration (hh:mm:ss.ms),Song,Valence,Arousal,Quadrant Color
0:00:01.601000,Audio File 21.mp3,-0.08127598474133135,-0.3149029188633148,Red
0:00:15.469000,Audio File 21.mp3,-0.0684175560413185,0.023702370237023818,Yellow
0:00:32.268000,Audio File 21.mp3,-0.13913891389138922,0.3023016587373024,Yellow
0:00:43.674000,Audio File 21.mp3,-0.30415541554155423,0.33444773048733456,Yellow
0:01:18.934000,Audio File 21.mp3,-0.3577322017916078,0.5144657322875146,Yellow
