Duration (hh:mm:ss.ms),Song,Valence,Arousal,Quadrant Color
0:00:01.607000,Audio File 21.mp3,-0.003225806451612856,0.11464516129032254,Yellow
0:00:02.439000,Audio File 21.mp3,-0.06129032258064515,0.32754838709677414,Yellow
0:00:06.160000,Audio File 21.mp3,-0.2935483870967741,0.3952903225806452,Yellow
0:00:36.287000,Audio File 21.mp3,-0.30000000000000004,0.5243225806451612,Yellow
0:00:37.678000,Audio File 21.mp3,-0.38064516129032255,0.5856129032258066,Yellow
0:00:55.787000,Audio File 21.mp3,-0.4580645161290322,0.6823870967741936,Yellow
0:01:10.989000,Audio File 21.mp3,-0.4999999999999999,0.7694838709677418,Yellow
