Duration (hh:mm:ss.ms),Song,Valence,Arousal,Quadrant Color
0:00:02.249000,Audio File 21.mp3,-0.1198291504413953,0.0027931252421047326,Yellow
0:00:03.634000,Audio File 21.mp3,-0.11575159534343205,0.14754633121980065,Yellow
0:00:06.066000,Audio File 21.mp3,-0.09536381985361575,0.37385063915676153,Yellow
0:00:55.668000,Audio File 21.mp3,-0.2645823564190912,0.4819058492527879,Yellow
0:01:29.850000,Audio File 21.mp3,-0.331862015535485,0.4880221818997328,Yellow
0:01:31.084000,Audio File 21.mp3,-0.43787844808252974,0.5369528430752919,Yellow
