Duration (hh:mm:ss.ms),Song,Valence,Arousal,Quadrant Color
0:00:02.085000,Audio File 21.mp3,-0.14158773557269821,0.24001562347427008,Yellow
0:00:12.635000,Audio File 21.mp3,-0.1659994141197152,0.5061029196367541,Yellow
0:00:34.051000,Audio File 21.mp3,-0.3417634996582368,0.5061029196367541,Yellow
0:00:48.634000,Audio File 21.mp3,-0.40767503173518227,0.6110731373889267,Yellow
0:00:54.367000,Audio File 21.mp3,-0.4711453959574263,0.7966018943462552,Yellow
