Duration (hh:mm:ss.ms),Song,Valence,Arousal,Quadrant Color
0:00:02.268000,Audio File 21.mp3,-0.04332429591102738,0.10395617772367616,Yellow
0:00:07.423000,Audio File 21.mp3,-0.16062634869695125,0.24339069329939678,Yellow
0:00:41.474000,Audio File 21.mp3,-0.2203839982294029,0.3562662535273611,Yellow
0:00:49.704000,Audio File 21.mp3,-0.2668621700879765,0.493487522824102,Yellow
