Duration (hh:mm:ss.ms),Song,Valence,Arousal,Quadrant Color
0:00:01.516000,Audio File 21.mp3,-0.1033568507616951,0.09162809508830283,Yellow
0:00:08.300000,Audio File 21.mp3,-0.208960589583427,0.3455264458724667,Yellow
0:00:15.401000,Audio File 21.mp3,-0.2808610075046061,0.49606794589493575,Yellow
0:00:37.216000,Audio File 21.mp3,-0.3257987687053432,0.6645845503976993,Yellow
0:00:49.466000,Audio File 21.mp3,-0.3729834179661169,0.7881633936997261,Yellow
0:01:28.016000,Audio File 21.mp3,-0.5527344627690649,0.7926571698197997,Yellow
0:01:29.765000,Audio File 21.mp3,-0.6785601941311283,0.6286343414371098,Yellow
0:01:30.982000,Audio File 21.mp3,-0.4920684851480699,0.417426863793646,Yellow
0:02:04.449000,Audio File 21.mp3,-0.6560913135307598,0.33204511751224564,Yellow
