Duration (hh:mm:ss.ms),Song,Valence,Arousal,Quadrant Color
0:00:03.701000,Audio File 6.mp3,0.06264956575515579,-0.1698529214057165,Blue
0:00:07.917000,Audio File 6.mp3,-0.07179156247479246,-0.05423355112796102,Red
0:00:34.984000,Audio File 6.mp3,-0.12825683633137053,0.19582694737974227,Yellow
0:01:05.635000,Audio File 6.mp3,-0.19830066413917358,0.37597805920787275,Yellow
0:02:08.318000,Audio File 6.mp3,-0.25207711543115274,0.16356107660455477,Yellow
0:02:12.519000,Audio File 6.mp3,-0.3300529698045227,0.3329568981742894,Yellow
0:02:21.466000,Audio File 6.mp3,-0.30854238928773103,0.49697507461482604,Yellow
0:02:24.147000,Audio File 6.mp3,-0.3300529698045227,0.5964615095049877,Yellow
