Duration (hh:mm:ss.ms),Song,Valence,Arousal,Quadrant Color
0:00:02.124000,Audio File 6.mp3,-0.0684175560413185,0.12871287128712883,Yellow
0:00:27.159000,Audio File 6.mp3,-0.10699284214135707,0.310873944537311,Yellow
0:01:14.821000,Audio File 6.mp3,-0.1434250567913935,0.48874887488748886,Yellow
0:01:31.955000,Audio File 6.mp3,-0.26986627234151994,0.6044747331876046,Yellow
0:01:59.854000,Audio File 6.mp3,-0.2677232008915178,0.7823496635377825,Yellow
