Duration (hh:mm:ss.ms),Song,Valence,Arousal,Quadrant Color
0:00:00.899000,Audio File 6.mp3,-0.03975993998499616,0.11332833208302073,Yellow
0:00:27.630000,Audio File 6.mp3,-0.03475868967241813,0.4559139784946238,Yellow
0:00:49.670000,Audio File 6.mp3,-0.25731432858214554,0.6084521130282572,Yellow
0:01:12.935000,Audio File 6.mp3,-0.36234058514628653,0.7409852463115778,Yellow
0:01:29.021000,Audio File 6.mp3,-0.3223305826456613,0.8410102525631407,Yellow
0:01:47.085000,Audio File 6.mp3,-0.5448862215553888,0.7609902475618904,Yellow
0:01:47.899000,Audio File 6.mp3,-0.6474118529632408,0.8285071267816952,Yellow
0:02:14.650000,Audio File 6.mp3,-0.7324331082770692,0.9310327581895474,Yellow
