Duration (hh:mm:ss.ms),Song,Valence,Arousal,Quadrant Color
0:00:03.284000,Audio File 6.mp3,-0.042406573018817895,0.018287834614365117,Yellow
0:00:29.122000,Audio File 6.mp3,-0.03180492976411342,0.30983302411873814,Yellow
0:00:30.566000,Audio File 6.mp3,-0.26239067055393583,0.38139411608799345,Yellow
0:00:53.234000,Audio File 6.mp3,-0.2835939570633448,0.6066790352504636,Yellow
0:01:13.871000,Audio File 6.mp3,-0.3260005300821627,0.7763053273257352,Yellow
0:01:14.015000,Audio File 6.mp3,-0.3260005300821627,0.7763053273257352,Yellow
0:01:47.401000,Audio File 6.mp3,-0.3392525841505434,0.8876225815001324,Yellow
0:02:12.035000,Audio File 6.mp3,-0.47972435727537754,0.9194275112642458,Yellow
