Duration (hh:mm:ss.ms),Song,Valence,Arousal,Quadrant Color
0:00:02.455000,Audio File 6.mp3,0.11290322580645173,0.15335483870967748,Green
0:00:14.149000,Audio File 6.mp3,0.029032258064516148,0.2759354838709678,Green
0:00:23.043000,Audio File 6.mp3,-0.06774193548387086,0.4049677419354838,Yellow
0:00:42.004000,Audio File 6.mp3,-0.18387096774193545,0.4791612903225806,Yellow
0:00:49.243000,Audio File 6.mp3,-0.3290322580645161,0.563032258064516,Yellow
0:00:53.427000,Audio File 6.mp3,-0.4677419354838709,0.6275483870967744,Yellow
0:01:46.943000,Audio File 6.mp3,-0.529032258064516,0.7307741935483871,Yellow
0:02:00.620000,Audio File 6.mp3,-0.6451612903225806,0.7856129032258063,Yellow
0:02:11.857000,Audio File 6.mp3,-0.7870967741935483,0.8307741935483872,Yellow
